Trading Name,Trading Code,RIC,Mkt Cap ($M),Tot. Rev ($M),P/E,Yield (%),Sector,GTI Score
3Cnergy,502,CNER.SI,52.14,,,,Real Estate,44
8Telecom,AZG,ETEL.SI,7.96,0.802,,,Technology Equipment,57
A-Smart,BQC,ASMA.SI,31.303,5.268,,,Industrial & Commercial Services,61
A-Sonic Aero,BTJ,ASON.SI,37.424,350.799,4.43,0.59,Transportation,57
ABR,533,ABRH.SI,130.647,85.975,21.67,3.08,Food & Beverages,56
Abterra,L5I,ABTR.SI,12.897,10.819,,,Energy - Fossil Fuels,-6
Abundance Intl,541,ABUN.SI,33.321,548.552,,,Industrial & Commercial Services,65
Accordia Golf Tr,ADQU,ACCO.SI,19.146,628.093,0.94,246.77,Cyclical Consumer Services,61.3
Accrelist Ltd,QZG,ACCR.SI,10.049,118.049,,,Technology Equipment,
Ace Achieve Info,A75,ACEA.SI,5.64,37.816,,,Technology Equipment,42
Acesian Partners,5FW,ACES.SI,8.474,9.523,340,,Industrial & Commercial Services,68
Acma,AYV,ACMA.SI,2.798,62.687,,,Industrial Goods,67
Acromec,43F,ACRO.SI,11.778,23.101,,,Industrial & Commercial Services,61
Addvalue Tech,A31,AVAU.SI,47.222,10.973,22.48,,Technology Equipment,56
Advanced,BLZ,ADVA.SI,9.11,59.137,3.18,,Energy - Fossil Fuels,64
Advanced Systems,5TY,ADSA.SI,22.324,0,,,Technology Equipment,68
Advancer Global,43Q,ADVN.SI,45.425,,,7.67,Industrial & Commercial Services,80
Adventus,5EF,ADVE.SI,33.161,,,,Industrial Goods,58
Aedge Group,XVG,AEDE.SI,23.85,,,,Industrial & Commercial Services,
AEI,AWG,AEIC.SI,76.555,,,,Mineral Resources,39
AEM,AWX,AEM.SI,1132.509,518.959,11.4,2.23,Technology Equipment,89
AF Global,L38,AFGL.SI,91.841,,,,Cyclical Consumer Services,66
AGV,1A4,AGVG.SI,14.676,10.265,,,Mineral Resources,55
AIMS APAC Reit,O5RU,AIMA.SI,968.128,118.092,37.11,,Real Estate,86.3
AIMS Property,BVP,APW.AX,49.955,-4.111,,1.81,Real Estate,
Alita Resources,40F,ALIT.SI,115.54,74.855,,,Mineral Resources,48
Alliance HC,MIJ,ALLA.SI,36.38,45.089,22.61,1.94,Healthcare Services,51
Allied Tech,A13,ALLT.SI,18.993,109.363,,,Industrial Goods,71
AlphaDX,VVL,ALPH.SI,71.392,0,,,Energy - Fossil Fuels,
Alset,40V,ALSE.SI,118.513,,,,Real Estate,75
Amara,A34,AMRA.SI,230.774,,,,Cyclical Consumer Services,71
Amcorp Global,S9B,AMCO.SI,56.753,42.449,,,Real Estate,83
AMOS,RF7,AMOS.SI,41.558,119.491,,,Industrial Goods,57
Amplefield Ltd,AOF,AMPL.SI,27.919,2.282,79.49,,Real Estate,77
AMTD IB OV,HKB,,,,,,,
AnAn Intl,Y35,ANAN.SI,139.685,1594.288,44.97,,Energy - Fossil Fuels,32
Anchor Resources,43E,ANCH.SI,127.983,,,,Mineral Resources,76
Anchun Intl,BTX,ANIH.SI,11.112,19.218,,10.73,Industrial Goods,50
AnnAik,A52,AAIK.SI,16.925,,,1.75,Mineral Resources,53
Annica,5AL,ANHL.SI,16.675,10.906,,,Energy - Fossil Fuels,51
Aoxin Q & M,1D4,AOXI.SI,68.696,27.125,,,Healthcare Services,78
AP Oil,5AU,AOIL.SI,29.616,57.149,13.75,2.78,Chemicals,68
AP Strategic,5RA,ASIC.SI,17.826,0.918,,,Cyclical Consumer Services,53
APAC Realty,CLN,APAC.SI,179.375,389.429,10.91,4.95,Real Estate,56
ARA HTrust USD,XZL,ARAU.SI,289.344,78.161,,,Real Estate,66.2
ARA LOGOS Log Tr,K2LU,ARAL.SI,1071.773,117.432,21.24,,Real Estate,81.6
Arion Ent,YYB,ARIO.SI,17.745,0.885,,,Cyclical Consumer Services,
Ascendas Reit,A17U,AEMN.SI,12504.819,1049.46,25.72,4.08,Real Estate,94.4
Ascendas-iTrust,CY6U,AINT.SI,1738.609,191.672,13.25,6.24,Real Estate,84.4
Ascott Trust,HMN,ASCO.SI,3363.249,369.872,,2.68,Real Estate,
Asia Enterprises,A55,AEHL.SI,50.262,42.782,95.45,3.4,Mineral Resources,65
Asia Vets,5RE,ASIV.SI,9.938,4.323,755.56,2.94,Healthcare Services,59
AsiaMedic,505,ASIM.SI,21.273,,,,Healthcare Services,67
Asian Healthcare,1J3,ASAI.SI,86.171,16.934,28.99,0.79,Healthcare Services,80
Asian Micro,585,AMHL.SI,17.141,3.419,,,Industrial & Commercial Services,52
Asian Pay Tv Tr,S7OU,ASIA.SI,204.118,307.378,10.27,9.29,Cyclical Consumer Services,53.3
AsiaPhos,5WV,ASIP.SI,19.599,0.846,,,Mineral Resources,64
Asiatic,5CR,ATIC.SI,14.008,46.569,,,Industrial Goods,61
Asiatravel.com,5AM,ATVE.SI,12.339,94.353,,,Software & IT Services,34
ASL Marine,A04,ASLM.SI,25.271,205.442,,,Industrial Goods,86
Aspen,1F3,ASPE.SI,270.743,91.502,10.81,1.37,Real Estate,64
Aspial,A30,ASPA.SI,231.562,234.204,41.9,6.3,Real Estate,66
Astaka,42S,ASTA.SI,162.594,32.297,,,Real Estate,80
ASTI,575,ATIH.SI,23.187,56.721,13.6,73.53,Technology Equipment,74
Atlantic Nav,5UL,ATLA.SI,22.509,98.488,,,Energy - Fossil Fuels,46
AusGroup,5GJ,AUSG.SI,88.632,197.847,,,Energy - Fossil Fuels,56
Avarga,U09,AVAR.SI,313.548,1693.259,5.7,4.55,Cyclical Consumer Products,78
Avi-Tech,BKY,AVTH.SI,70.08,26.42,17.03,3.75,Technology Equipment,92
AVJennings A$,A05,AVJ.AX,217.333,205.501,38.24,1.31,Real Estate,
Axington,42U,AXIN.SI,54.267,4.533,95.78,12.11,Industrial & Commercial Services,84
Axington R,IXOR,,,,,,,
Axington R1,QPQR,,,,,,,
Ayondo,1I5,AYON.SI,23.52,0,,,Banking & Investment Services,
Azeus,BBW,AZEU.SI,56.967,32.375,17.76,2,Software & IT Services,61
Aztech Gbl,8AZ,AZTE.SI,1029.048,484.273,18.47,1.5,Industrial Goods,
B&M Hldg,CJN,BMHL.SI,22.771,1.878,,1.62,Banking & Investment Services,59
Baker Technology,BTP,BATE.SI,64.921,63.164,,,Energy - Fossil Fuels,82
Ban Leong,B26,BANL.SI,31.455,163.1,7.27,4.63,Technology Equipment,70
Banyan Tree,B58,BANY.SI,279.94,157.832,,,Cyclical Consumer Services,92
BBR,KJ5,BBRS.SI,50.33,121.595,,,Industrial & Commercial Services,78
Beng Kuang,BEZ,BENK.SI,6.21,42.667,,,Industrial & Commercial Services,75
Best World,CGN,BEST.SI,735.699,545.614,,3.99,Personal & Household Products & Services,64
Beverly JCG,VFP,BEVE.SI,15.815,5.446,,,Healthcare Services,
BH Global,BQN,BHGC.SI,109.5,53.219,34.02,,Industrial Goods,69
BHG Retail Reit,BMGU,BHGR.SI,284.004,60.561,,3.51,Real Estate,81.4
Biolidics,8YY,BIOL.SI,75.253,,,,Healthcare Services,
BlackGoldNatural,41H,BLAC.SI,17.289,12.873,,,Energy - Fossil Fuels,66
Blumont,A33,BLUM.SI,137.854,3.499,,,Industrial & Commercial Services,59
Boldtek,5VI,BOLD.SI,16.892,38.264,,,Real Estate,77
Bonvests,B28,BVHS.SI,399.509,120.588,,0.3,Cyclical Consumer Services,63
Boustead,F9D,BTSS.SI,505.068,724.116,12.25,2.97,Industrial & Commercial Services,77
Boustead Proj,AVM,BOUS.SI,339.2,357.23,31.95,0.75,Industrial & Commercial Services,85
BRC Asia,BEC,BRCA.SI,377.241,612.378,17.66,1.3,Cyclical Consumer Products,54
Broadway Ind,B69,BRWY.SI,66.54,400.673,4.68,,Industrial Goods,53
Brook Crompton,AWC,BROO.SI,22.871,,,3.1,Industrial Goods,72
Bukit Sembawang,B61,BSES.SI,1235.007,374.25,14.86,0.84,Real Estate,77
Bumitama Agri,P8Z,BUMI.SI,854.681,834.035,8.23,4.95,Food & Beverages,77
Bund Center,BTE,BCIL.SI,406.862,68.799,42.36,4.21,Real Estate,68
Camsing Hc,BAC,CAMS.SI,30.435,12.958,,,Retailers,44
Capital World,1D5,CAPI.SI,9.158,13.926,,,Real Estate,53
CapitaLand,C31,CATL.SI,19841.488,6532.572,,2.39,Real Estate,123
CapLand China T,AU8U,CAPA.SI,2086.275,210.525,,4.58,Real Estate,98.2
CapLand IntCom T,C38U,CMLT.SI,14241.903,745.209,41.85,3.28,Real Estate,110.5
Captii,AWV,CAPT.SI,12.463,,,3.21,Telecommunications Services,58
Casa,C04,CASA.SI,14.688,14.699,9.58,7.14,Cyclical Consumer Products,43
CDL HTrust,J85,CDLT.SI,1567.387,117.558,,4.37,Real Estate,85.9
CDW,BXE,CDWH.SI,66.822,149.198,31.08,5.72,Technology Equipment,85
CEI,AVV,CEII.SI,104.642,123.489,17.15,4.55,Technology Equipment,79
Centurion,OU8,CNCL.SI,290.069,128.355,16.9,,Real Estate,89
CFM,5EB,CFMH.SI,6.248,18.642,,,Industrial Goods,71
CH Offshore,C13,CHOF.SI,36.662,25.24,,,Energy - Fossil Fuels,62
Challenger,573,CHAL.SI,200.221,270.84,8.62,4.66,Retailers,73
Charisma Energy,5QT,CHAR.SI,26.179,18.08,,,Utilities,52
Chasen,5NV,CHHL.SI,23.721,103.136,,,Transportation,87
ChasWood Res,5TW,CHAS.SI,2.216,0.559,,,Cyclical Consumer Services,41
Chemical Ind,C05,CHEM.SI,54.301,61.654,10.3,2.1,Chemicals,46
Cheung Woh,C50,CHWO.SI,46.963,41.858,,3.33,Industrial Goods,69
China Aviation,G92,CNAO.SI,1004.698,14031.722,13.31,2.22,Energy - Fossil Fuels,84
China Env,5OU,CHEN.SI,30.505,1.197,,,Industrial & Commercial Services,59
China Env Res,RS1,1130.HK,162.923,70.194,,,Industrial & Commercial Services,
China Everbright,U9E,CEWL.SI,1446.211,972.303,4.15,6.71,Utilities,83
China Fishery,B0Z,CNFG.SI,265.967,650.596,,,Food & Beverages,45
China Haida,C92,CHHA.SI,1.02,6.275,,,Mineral Resources,68
China Intl,BEH,CHNA.SI,24.936,,,,Industrial & Commercial Services,59
China Mining,BHD,CMIL.SI,8.802,0.646,,,Real Estate,57
China Paper,C71,CPHL.SI,42.995,149.275,,,Applied Resources,26
China Sky Chem,E90,CSKY.SI,23.686,325.264,,,Cyclical Consumer Products,12
China Sports,FQ8,CSIL.SI,12.535,52.79,,,Cyclical Consumer Products,44
China Star Food,42W,CHIA.SI,30.939,51.937,,,Food & Beverages,48
China Yuanbang,BCD,CYBP.SI,24.295,112.88,2.28,,Real Estate,64
ChinaKangdaFood,P74,0834.HK,164.646,1812.619,,,Food & Beverages,56
ChinaKundaTech,GU5,CKUN.SI,11.058,6.662,,,Automobiles & Auto Parts,70
ChinaSunsine,QES,CHSN.SI,555.717,477.52,12.27,1.77,Chemicals,
Chip Eng Seng,C29,CESE.SI,412.009,674.633,,4,Real Estate,85
Choo Chiang,42E,CHOO.SI,49.92,,,2.92,Industrial Goods,46
Chuan Hup,C33,CHHS.SI,208.846,34.809,,4.44,Real Estate,63
CityDev,C09,CTDM.SI,7310.783,2108.426,,1,Real Estate,125
Civmec,P9D,CIVM.SI,284.978,548.256,11.24,2.7,Industrial & Commercial Services,83
Clearbridge,1H3,CLEA.SI,92.582,36.258,116.28,,Healthcare Services,70
CNMC Goldmine,5TP,CNMC.SI,93.762,31.857,,,Mineral Resources,79
Colex,567,COLX.SI,27.167,,,2.2,Industrial & Commercial Services,60
Combine Will,N0Z,CWIHx.SI,27.462,164.317,5.17,5.88,Cyclical Consumer Products,64
ComfortDelGro,C52,CMDG.SI,3878.892,3228.6,63.59,0.8,Transportation,110
Cordlife,P8A,CORD.SI,97.647,,,2.47,Healthcare Services,59
Cortina,C41,CORT.SI,377.519,430.615,10.81,2.63,Retailers,75
COSCO SHP SG,F83,COSC.SI,750.147,185.843,90.05,,Transportation,55
CosmoSteel,B9S,COSM.SI,25.846,86.757,4.9,5.62,Mineral Resources,85
Courage Inv,CIN,1145.HK,428.319,61.548,,,Transportation,
CPH,539,CIPH.SI,7.375,,,,Real Estate,59
Creative,C76,CREA.SI,206.984,103.379,,,Technology Equipment,58
CreditBureauAsia,TCU,CRED.SI,299.507,43.378,38.67,,Industrial & Commercial Services,
CromwellReit EUR,CNNU,CROM.SI,1342.392,186.972,15.46,7.26,Real Estate,95.4
CromwellReit SGD,CSFU,,,,,,,
CSC,C06,CSCH.SI,53.517,225.173,,,Industrial & Commercial Services,56
CSE Global,544,CSES.SI,294.159,502.789,10.5,4.82,Software & IT Services,78
CWX Global,594,CWXG.SI,34.337,2.456,,,Energy - Fossil Fuels,80
DairyFarm USD,D01,DAIR.SI,5709.247,10268.5,21.07,3.91,Food & Drug Retailing,
Darco Water Tech,BLR,DRWT.SI,17.734,,,,Industrial & Commercial Services,67
Dasin Retail Tr,CEDU,DASI.SI,565.294,87.476,,5.43,Real Estate,85.9
Datapulse Tech,BKW,DATA.SI,39.583,0.68,,,Technology Equipment,63
DBS,D05,DBSM.SI,74700.047,12208,16.01,3,Banking & Investment Services,123
Debao Property,BTF,DPDL.SI,9.602,71.533,,,Real Estate,40
Del Monte Pac,D03,DMPL.SI,1033.125,3073.007,11.43,,Food & Beverages,109
Delfi,P34,DELF.SI,531.667,494.804,22.81,3.67,Food & Beverages,85
Design Studio,D11,DESS.SI,21.602,114.686,,,Retailers,54
DISA,532,DISA.SI,20.077,10.365,,,Consumer Goods Conglomerates,61
Don Agro,GRQ,DONA.SI,57.104,30.996,6.46,3.05,Food & Beverages,
Dragon,MT1,DRGN.SI,1.349,2.75,,,Industrial Goods,64
Dukang,BKV,DDHL.SI,6.707,22.309,,,Food & Beverages,54
Dutech,CZ4,DTHL.SI,89.151,360.737,5.94,4,Technology Equipment,62
Duty Free Intl,5SO,DUTY.SI,98.305,102.89,,6.25,Transportation,63
Dyna-Mac,NO4,DMHL.SI,102.321,84.037,,,Industrial Goods,79
Eagle HTrust USD,LIW,EAGL.SI,119.567,69.414,,25.39,Real Estate,
EC World Reit,BWCU,ECWO.SI,597.019,109.726,38.52,7.24,Real Estate,80.3
Econ Healthcare,EHG,,,,,,,
EcoWise,5CT,ECOW.SI,32.554,50.811,30.91,,Industrial & Commercial Services,78
Edition,5HG,EDIT.SI,22.71,,,,Food & Beverages,64
Eindec,42Z,EIND.SI,7.97,,,,Industrial Goods,58
EliteComREIT GBP,MXNU,ELIE.SI,312.218,20.963,9.53,7.52,Real Estate,
Ellipsiz,BIX,ELPZ.SI,60.166,54.565,4,2.78,Technology Equipment,54
EMAS Offshore,UQ4,,,,,,,
Eneco Energy,R14,ENEC.SI,16.866,36.616,,,Transportation,38
EnGro,S44,ENGR.SI,154.774,96.934,7,1.92,Mineral Resources,88
Envictus,BQD,ETIK.SI,34.124,129.279,,,Cyclical Consumer Services,52
Enviro-Hub,L23,EHHL.SI,94.278,30.77,,,Industrial & Commercial Services,56
Epicentre,5MQ,EPHL.SI,2.822,-3.175,,,Retailers,54
ES,5RC,ESGL.SI,10.308,17.533,10.47,2.05,Industrial Goods,72
ESR-REIT,J91U,ESRR.SI,1454.406,229.924,595.59,6.23,Real Estate,86.1
ETC Singapore,1C0,EMER.SI,33.39,27.827,,,Real Estate,82
EuroSports Gbl,5G1,EURO.SI,75.525,62.321,,,Retailers,71
Excelpoint,BDF,EXCE.SI,84.525,1479.145,6.13,4.26,Technology Equipment,72
Ezion,5ME,EZHL.SI,154.518,49.798,,,Energy - Fossil Fuels,82
Ezra,5DN,EZRA.SI,31.68,700.599,,,Energy - Fossil Fuels,30
F & N,F99,FRNM.SI,2192.271,1833.501,14.8,3.31,Food & Beverages,79
Fabchem China,BFT,FBCH.SI,17.553,27.096,,,Chemicals,68
Falcon Energy,5FL,FEGL.SI,22.87,39.72,,,Energy - Fossil Fuels,50
Far East,5TJ,FAEA.SI,10.812,54.704,,1.86,Industrial Goods,68
Far East HTrust,Q5T,FAEH.SI,1237.396,83.254,,3.18,Real Estate,99.2
Far East Orchard,O10,FARE.SI,537.472,112.215,332.39,5.08,Cyclical Consumer Services,92
Federal Int,BDU,FEDL.SI,17.596,68.142,,,Energy - Fossil Fuels,83
Figtree,5F4,FIGT.SI,22.067,8.817,,4.84,Real Estate,70
First Reit,AW9U,FRET.SI,384.423,79.619,,,Real Estate,74.9
First Resources,EB5,FRLD.SI,2328.413,881.139,17.48,2.04,Food & Beverages,94
First Sponsor,ADN,FSCA.SI,1287.792,203.936,15.34,2.77,Real Estate,86
FJ Benjamin,F10,FJBN.SI,40.558,68.194,,,Retailers,53
Food Empire,F03,FEMP.SI,510.887,364.198,14.15,2.34,Food & Beverages,42
Forise Int,8A1,FOIL.SI,4.176,2.211,,,Industrial & Commercial Services,
FortressMinerals,OAJ,FORR.SI,189.986,51.465,9.94,0.95,Mineral Resources,65
Fragrance,F31,FRAG.SI,786.24,111.305,468,2.99,Cyclical Consumer Services,60
Frasers Cpt Tr,J69U,FCRT.SI,4246.275,164.377,18.58,,Real Estate,76.2
Frasers HTrust,ACV,FRHO.SI,1136.384,88.573,,2.26,Real Estate,86.3
Frasers L&C Tr,BUOU,FRAE.SI,5040.166,334.558,7.97,4.84,Real Estate,92.5
Frasers Property,TQ5,FRPL.SI,4895.107,3597.007,33.02,1.2,Real Estate,87
Frencken,E28,FREN.SI,683.156,620.616,16.02,1.88,Industrial Goods,57
FSL Trust,D8DU,FSLT.SI,155.577,64.485,18.68,46.59,Transportation,81.4
Fu Yu,F13,FUYU.SI,244.723,153.442,14.46,4.92,Industrial Goods,84
Fuji Offset,508,FOPS.SI,17.719,,,0.85,Industrial Goods,79
Full Apex,BTY,FULL.SI,17.412,203.126,,,Applied Resources,7
Fuxing China,AWK,FXCG.SI,12.24,142.808,,,Cyclical Consumer Products,54
G Invacom,QS9,GLOB.SI,27.391,137.5,7.56,,Technology Equipment,68
G K Goh,G41,GKHS.SI,334.554,135.617,710.34,1.94,Industrial & Commercial Services,61
Gallant Venture,5IG,GLVT.SI,705.289,138.19,,,Automobiles & Auto Parts,75
GCCP,41T,GCCP.SI,21.475,,,,Mineral Resources,49
GDS Global,5VP,GDSG.SI,7.392,14.282,,4.55,Cyclical Consumer Products,63
Genting Sing,G13,GENS.SI,10884.624,1063.749,160.14,1.11,Cyclical Consumer Services,83
Geo Energy Res,RE4,GEOE.SI,260.245,409.275,2.06,4.3,Energy - Fossil Fuels,93
GHY Culture,XJB,GHYC.SI,805.344,,,,Cyclical Consumer Services,
GKE,595,GKEC.SI,107.285,112.344,11.11,,Transportation,67
GL,B16,GLLI.SI,1060.17,112.606,,,Cyclical Consumer Services,60
Global Dragon,586,GLOL.SI,34.099,5.23,,,Real Estate,73
Global Inv,B73,GLNV.SI,256.853,18.766,16.87,5.37,Collective Investments,105
Global Palm Res,BLW,GPRL.SI,43.811,25.649,,,Food & Beverages,55
Global Testing,AYN,GTCL.SI,12.672,30.544,26.69,,Technology Equipment,52
Golden Agri-Res,E5H,GAGR.SI,2824.049,9443.318,65.43,2.18,Food & Beverages,81
Golden Energy,AUE,GOLD.SI,348.233,1551.257,32.24,,Energy - Fossil Fuels,70
Goodland,5PC,GLGP.SI,57.14,26.983,,1.03,Real Estate,54
GP Industries,G20,GPEI.SI,286.747,1076.256,,2.27,Industrial Goods,61
Grand Banks,G50,GBYL.SI,51.698,111.597,17.29,,Cyclical Consumer Products,94
Grand Venture,JLB,GRAN.SI,162.063,61.4,23.8,,Industrial Goods,64
Great Eastern,G07,GELA.SI,11175.063,21457.801,11.63,2.54,Insurance,95
Green Build,Y06,GREE.SI,3.701,,,,Industrial & Commercial Services,57
GRP,BLU,GRPS.SI,31.573,20.548,,,Real Estate,84
GS Hldg,43A,GSHO.SI,79.547,13.583,166.67,2.33,Cyclical Consumer Services,37
GSH,BDX,GSHC.SI,393.43,120.213,,1.26,Cyclical Consumer Services,70
GSS Energy,41F,GSSE.SI,31.799,106.376,5.69,,Industrial Goods,60
Guoan Intl,G11,0143.HK,387.448,168.839,,,Technology Equipment,
GuocoLand,F17,GUOC.SI,2035.402,689.355,43.96,3.49,Real Estate,104
GYP Properties,AWS,GYPP.SI,30.342,46.506,,,Real Estate,60
Hafary,5VS,HFRY.SI,68.457,84.315,12.87,6.29,Cyclical Consumer Products,70
Hai Leck,BLH,HLHL.SI,119.476,111.978,11.88,1.72,Energy - Fossil Fuels,65
Halcyon Agri,5VJ,HALC.SI,446.57,2279.862,,,Automobiles & Auto Parts,88
Hanwell,DM0,HANW.SI,245.529,471.385,10.7,1.16,Applied Resources,73
Hatten Land,PH0,HATT.SI,57.408,-3.902,,0.09,Real Estate,58
Haw Par,H02,HPAR.SI,2982.533,111.032,24.9,2.23,Pharmaceuticals & Medical Research,89
HC Surgical,1B1,HCSU.SI,69.642,17.934,10.93,5.22,Healthcare Services,64
HealthBank,40B,HEAL.SI,5.695,0,3.03,,Cyclical Consumer Services,46
Healthway Med,5NG,HEMC.SI,167.565,97.433,51.39,,Healthcare Services,67
Heatec Jietong,5OR,HTJT.SI,3.566,,,,Cyclical Consumer Products,83
Heeton,5DP,HEET.SI,95.108,,,1.54,Real Estate,53
Hengyang Petro,5PD,HNYG.SI,32.153,0,28.42,,Energy - Fossil Fuels,59
HG Metal,BTG,HGMM.SI,37.877,91.693,35.98,,Mineral Resources,68
HGH,5GZ,HGHH.SI,16.028,,,,Technology Equipment,54
Hi-P,H17,HIPI.SI,1765.478,1338.207,20.3,1.14,Industrial Goods,69
Hiap Hoe,5JK,HIAP.SI,308.462,79.552,,2.31,Real Estate,74
Hiap Seng,510,HSEN.SI,6.047,118.445,,,Energy - Fossil Fuels,62
Hiap Tong,5PO,HTCL.SI,18.484,47.931,,,Banking & Investment Services,59
HL Global Ent,AVX,HLGE.SI,30.522,,,,Cyclical Consumer Services,79
Ho Bee Land,H13,HBEE.SI,1913.079,215.681,13.68,2.94,Real Estate,76
Hock Lian Seng,J2T,HLSG.SI,128.026,60.238,30.23,1,Industrial & Commercial Services,68
Hoe Leong,H20,HLEC.SI,11.32,43.683,,,Industrial Goods,64
Hong Fok,H30,HONG.SI,809.669,80.399,,1.08,Real Estate,102
Hong Lai Huat,CTO,HONL.SI,47.642,,,,Real Estate,66
Hong Leong Asia,H22,HLAA.SI,699.209,4496.207,15.45,1.07,Automobiles & Auto Parts,98
Hong Leong Fin,S41,HLSF.SI,1127.902,310.785,17.65,3.57,Banking & Investment Services,99
HongkongLand USD,H78,HKLD.SI,11669.641,2094.2,,4.4,Real Estate,
Hor Kew,BBP,HKEW.SI,13.537,,,,Industrial & Commercial Services,42
Hosen,5EV,HSNG.SI,29.646,71.523,9.23,2.41,Food & Drug Retailing,59
Hotel Grand,H18,HGCS.SI,813.72,,,3.57,Cyclical Consumer Services,56
Hotel Royal,H12,HTRS.SI,297.36,30.618,,0.85,Cyclical Consumer Services,92
Hotung Inv,BLS,HOTU.SI,200.848,47.547,7.52,6.25,Banking & Investment Services,39
HPH Trust SGD,P7VU,,,,,,,
HPH Trust USD,NS8U,HPHT.SI,2047.109,1377.63,19.13,6.7,Transportation,73.9
HPL,H15,HPPS.SI,1788.712,258.76,,1.17,Cyclical Consumer Services,47
HRnetGroup,CHZ,HRNE.SI,677.643,433.041,14.35,4.18,Industrial & Commercial Services,80
HS Optimus,504,HSOP.SI,26.903,21.656,,,Cyclical Consumer Products,66
Hu An Cable,KI3,HACH.SI,8.531,207.564,,,Industrial Goods,53
Huationg Global,41B,HUAT.SI,12.868,,,,Industrial & Commercial Services,76
Hwa Hong,H19,HWHS.SI,196.051,10.311,41.84,3.33,Real Estate,74
Hyflux,600,HYFL.SI,175.311,150.18,,,Utilities,38
Hyphens Pharma,1J5,HYPH.SI,96.138,123.698,15.59,1.94,Pharmaceuticals & Medical Research,56
ICP Ltd,5I4,ICPL.SI,31.117,4.656,,,Real Estate,44
IFAST,AIY,IFAS.SI,1819.219,169.926,81.29,0.54,,80
IFS Capital,I49,IFAC.SI,72.562,41.179,91.47,1.04,Banking & Investment Services,73
IHH,Q0F,IHHH.KL,47319.207,13404.604,238.07,0.74,Healthcare Services,
Imperium Crown,5HT,IMPE.SI,10.27,2.223,,,Real Estate,75
Inch Kenneth,I4R,IKEN.KL,208.271,10.061,,2.14,Cyclical Consumer Services,
Incredible,RDR,INCR.SI,14.968,3.258,,,Technology Equipment,76
Indofood Agri,5JS,IFAR.SI,457.27,1326.384,255.23,,Food & Beverages,74
Informatics,BOU,INFO.SI,4.433,7.508,,,Personal & Household Products & Services,56
InnoPac,I26,INPS.SI,8.693,-0.005,,,Real Estate,37
InnoTek,M14,INTK.SI,221.991,183.192,14.81,2.22,Technology Equipment,75
Interra Resource,5GI,INTR.SI,22.285,14.404,,,Energy - Fossil Fuels,65
Intl Cement,KUO,INTN.SI,321.145,141.626,36.36,,Mineral Resources,
Intraco,I06,ITRS.SI,26.969,135.942,,,Industrial & Commercial Services,86
IPC Corp,AZA,IPCC.SI,17.058,5.412,,,Cyclical Consumer Services,61
IPS Securex,42N,IPSS.SI,38.394,14.472,32.92,,Technology Equipment,76
IREIT Global,UD1U,IREI.SI,601.791,60.467,14.1,7.44,Real Estate,76
ISDN,I07,ISDN.SI,276.44,361.864,18.08,1.26,Industrial Goods,91
ISEC,40T,ISEC.SI,173.466,36.327,36.71,2.54,Healthcare Services,79
Isetan,I15,ISET.SI,176.962,77.16,,1.17,Retailers,73
ISOTeam,5WF,ISOT.SI,48.075,64.633,,3.04,Industrial & Commercial Services,76
IX Biopharma,42C,IXBI.SI,170.729,1.521,,,Pharmaceuticals & Medical Research,61
Jackspeed,J17,JACK.SI,39.464,0,,,Automobiles & Auto Parts,67
Jadason,J03,JADA.SI,21.782,,,,Technology Equipment,56
Japan Foods,5OI,JPFD.SI,68.03,50.827,,2.56,Cyclical Consumer Services,82
Japfa,UD2,JAPF.SI,1901.887,5161.035,4.35,1.09,Food & Beverages,82
Jardine C&C,C07,JCYC.SI,9180.65,17657.07,12.73,2.46,Automobiles & Auto Parts,91
Jason Marine,5PF,JMGL.SI,15.158,28.182,7.61,3.5,Technology Equipment,70
Jasper Inv,FQ7,JASP.SI,17.415,-0.025,,,Energy - Fossil Fuels,41
Jawala,1J7,JAWA.SI,22.503,,,,Applied Resources,59
JB Foods,BEW,JBFO.SI,194.033,557.367,7.53,3.59,Food & Beverages,75
JEP,1J4,JEPH.SI,84.859,73.284,386.79,,Industrial Goods,46
JES Intl,EG0,JSIH.SI,31.013,0,,,Industrial Goods,12
Jiutian Chemical,C8R,JUTN.SI,196.893,234.549,5.11,,Chemicals,54
JMH USD,J36,JARD.SI,46793.453,32647,,2.65,Consumer Goods Conglomerates,
Joyas Intl,E9L,JIHL.SI,8.85,0.316,,,Cyclical Consumer Products,47
Jubilee,NHD,JLJH.SI,10.788,113.343,,,Industrial Goods,59
Jumbo,42R,JUMB.SI,231.378,97.573,,3.33,Cyclical Consumer Services,74
Karin Tech,K29,KARI.SI,66.537,289.091,71.02,4.16,Technology Equipment,80
Katrina,1A0,KATR.SI,25.467,,,,Cyclical Consumer Services,51
Kencana Agri,BNE,KCAL.SI,40.179,139.136,7.49,,Food & Beverages,67
Keong Hong,5TT,KEHO.SI,84.898,82.942,,,Industrial & Commercial Services,57
Kep Infra Tr,A7RU,KEPL.SI,2745.048,1551.9,,6.76,Utilities,79.5
KepPacOakReitUSD,CMOU,KPEL.SI,699.496,139.59,12.34,8.42,Real Estate,91.5
Keppel Corp,BN4,KPLM.SI,9885.629,6574.342,,1.84,Consumer Goods Conglomerates,122
Keppel DC Reit,AJBU,KEPE.SI,4394.01,265.571,26.12,3.07,Real Estate,88.3
Keppel Reit,K71U,KASA.SI,4468.652,170.223,,,Real Estate,81.9
Khong Guan,K03,KHON.SI,38.203,63.861,32.34,1.35,Food & Beverages,55
KimHeng Offshore,5G2,KIMH.SI,26.98,37.643,,,Energy - Fossil Fuels,65
Kimly,1D0,KIML.SI,371.314,210.773,14.24,3.61,Cyclical Consumer Services,67
King Wan,554,KIWC.SI,11.523,,,,Industrial & Commercial Services,71
KingsmenCreative,5MZ,KMEN.SI,62.604,286.958,,,Industrial & Commercial Services,54
Kitchen Culture,5TI,KCHL.SI,36.521,12.743,,,Retailers,71
Koda,BJZ,KODA.SI,50.607,87.59,7.44,1.64,Cyclical Consumer Products,92
Koh Bros,K75,KBRO.SI,78.402,243.066,,,Industrial & Commercial Services,60
Koh Eco,5HV,KBEE.SI,135.925,182.264,,,Industrial & Commercial Services,55
Koon,5DL,KOON.SI,11.19,89.27,,,Industrial & Commercial Services,
KOP,5I1,KOPL.SI,44.318,8.824,,,Cyclical Consumer Services,86
Kori,5VC,KORI.SI,15.475,14.74,35.14,,Industrial & Commercial Services,74
Koufu,VL6,KOUF.SI,377.511,192.375,38.18,1.76,Cyclical Consumer Services,74
Koyo Intl,5OC,KOYO.SI,11.767,,,1.67,Industrial & Commercial Services,55
KrisEnergy,SK3,KRIS.SI,45.224,60.559,,,Energy - Fossil Fuels,78
KS Energy,578,KSTL.SI,17.148,39.982,,,Energy - Fossil Fuels,49
KSH,ER0,KSHH.SI,216.5,134.064,348.62,5.79,Industrial & Commercial Services,74
KTL Global,EB7,KTLG.SI,23.675,3.975,,,Cyclical Consumer Services,57
KTMG,XCF,KTMG.SI,33.936,70.996,10.9,,Cyclical Consumer Products,55
Lasseters Intl,5EL,LASS.SI,18.939,37.708,,,Cyclical Consumer Services,54
Leader Env,LS9,LETL.SI,195.102,2.811,,,Industrial & Commercial Services,52
Lendlease Reit,JYEU,LEND.SI,944.797,75.737,33.13,4.6,Real Estate,
Ley Choon,Q0X,LEYC.SI,18.957,74.245,,,Industrial & Commercial Services,84
LHN,41O,LHNL.SI,77.27,134.213,3.2,6.51,Real Estate,76
LHT,BEI,LHTH.SI,34.609,,,4.62,Applied Resources,80
Lian Beng,L03,LIBG.SI,272.826,442.103,9.31,1.94,Industrial & Commercial Services,65
Libra,5TR,LIGL.SI,7.592,37.191,,,Industrial & Commercial Services,70
LifeBrandz,1D3,LIFE.SI,11.332,0.719,,,Cyclical Consumer Services,55
Lion Asiapac,BAZ,LIAS.SI,38.93,16.655,52.46,,Mineral Resources,56
Lippo Malls Tr,D5IU,LMRT.SI,537.134,148.535,,4.9,Real Estate,90.5
Livingstone,PRH,LIVI.SI,64.769,0.343,,,Healthcare Services,
Lonza,O6Z,LONN.S,41583.352,4508,57.13,0.54,Pharmaceuticals & Medical Research,
Lorenzo Intl,5IE,LRZI.SI,6.622,24.645,,,Retailers,50
Low Keng Huat,F1E,LKH.SI,369.408,52.324,5.78,5,Industrial & Commercial Services,65
Lum Chang,L19,LUCS.SI,152.087,265.843,,4.43,Industrial & Commercial Services,65
Lung Kee Bermuda,L09,0255.HK,2217.187,2064.882,12.24,7.98,Industrial Goods,
Luxking,BKK,LUKG.SI,3.796,85.893,2.69,,Chemicals,59
LY Corp,1H8,LYCO.SI,85.573,80.981,36.91,0.47,Cyclical Consumer Products,74
M Development,N14,MDVT.SI,3.769,0.04,,,Mineral Resources,25
Magnus Energy,41S,MAGN.SI,12.672,12.665,,,Energy - Fossil Fuels,58
Man Oriental USD,M04,MOIL.SI,2336.974,183.7,,1.62,Cyclical Consumer Services,
Manhattan Res,L02,MANH.SI,134.393,9.182,6.34,,Utilities,51
ManulifeReit USD,BTOU,MANU.SI,1169.871,194.312,,7.67,Real Estate,93.8
Mapletree Com Tr,N2IU,MACT.SI,7063.515,477.327,282.49,2.98,Real Estate,67.7
Mapletree Ind Tr,ME8U,MAPI.SI,6559.731,427.942,16.49,3.67,Real Estate,81.2
Mapletree Log Tr,M44U,MAPL.SI,8480.747,532.184,19.93,3.89,Real Estate,85.2
Mapletree NAC Tr,RW0U,MAPE.SI,3709.084,334.183,,5.66,Real Estate,90.2
MarcoPolo Marine,5LY,MAPM.SI,70.536,30.849,,,Transportation,42
Maruwa Yen1k,M12,5344.T,145742.156,40990.277,21.1,0.46,Technology Equipment,
Mary Chia,5OX,MARY.SI,32.016,6.786,,,Personal & Household Products & Services,65
Matex Intl,M15,MATE.SI,10.286,,,,Chemicals,75
Maxi-Cash Fin,5UF,MAXI.SI,188.416,,,18.96,Banking & Investment Services,71
MC Payment,TVV,MCPA.SI,102.093,,,,Industrial & Commercial Services,
MDR Limited,Y3D,MDRT.SI,75.287,192.797,,3.73,Retailers,
Medi Lifestyle,5TN,MEDL.SI,14.353,0.201,,,Healthcare Services,79
Medinex,OTX,MEDN.SI,26.898,,,4.1,Industrial & Commercial Services,84
Medtecs Intl,546,MTCS.SI,565.851,534.116,3.22,6.48,Healthcare Services,55
MegaChem,5DS,MEGA.SI,59.985,105.239,11.7,3.33,Chemicals,83
MeGroup,SJY,MEGR.SI,20.313,61.19,2283.92,0.33,Automobiles & Auto Parts,68
Memiontec,SYM,MEMI.SI,44.051,34.606,33.22,0.93,Utilities,
Memories,1H4,MEMO.SI,12.051,12.686,,,Cyclical Consumer Services,
Mencast,5NF,MCHL.SI,12.806,46.872,2.1,,Energy - Fossil Fuels,61
Mercurius,5RF,MERC.SI,77.842,0,,,Real Estate,51
Mermaid Maritime,DU4,MMPC.SI,96.099,111.778,,,Energy - Fossil Fuels,83
Metal Component,5DX,META.SI,12.346,,,,Mineral Resources,56
Metech Intl,V3M,METE.SI,8.003,2.548,,,Industrial & Commercial Services,39
Metro,M01,MTHL.SI,652.766,118.25,20.93,2.55,Retailers,75
Mewah Intl,MV4,MEWI.SI,645.239,,,1.74,Food & Beverages,78
MFG Integration,M11,MITD.SI,14.647,10.004,,308.2,Technology Equipment,74
Micro-Mechanics,5DD,MMEC.SI,476.879,69.484,28.2,3.21,Technology Equipment,110
Midas,5EN,MIDA.SI,359.356,,,,Mineral Resources,9
MindChamps,CNE,MIND.SI,71.272,51.8,22.47,,Personal & Household Products & Services,74
Mirach Energy,AWO,MIEL.SI,1.621,0.866,,,Food & Beverages,50
Miyoshi,M03,MIYO.SI,22.056,43.3,,,Technology Equipment,90
MM2 Asia,1B0,MM2A.SI,139.537,138.25,,,Cyclical Consumer Services,79
MoneyMax Fin,5WJ,MFSL.SI,95.526,197.147,4.69,4.37,Retailers,65
Moya Asia,5WE,MOYA.SI,290.047,240.123,8.29,,Industrial & Commercial Services,78
MS Hldgs,40U,MSHO.SI,6.3,10.442,,,Industrial & Commercial Services,62
MSC,NPW,MSCB.KL,892,813.359,55.39,0.9,Mineral Resources,
MSM Intl,5QR,MSML.SI,2.95,21.541,,,Industrial Goods,57
MTQ,M05,MTLS.SI,49.757,65.875,5.41,3.26,Energy - Fossil Fuels,72
Multi-Chem,AWZ,MCHE.SI,136.944,479.714,7.7,4.34,Technology Equipment,73
Mun Siong Engg,MF6,MSEL.SI,28.496,46.929,,0.82,Industrial & Commercial Services,76
Murata Yen1k,PJX,,,,,,,
MYP,F86,MYPL.SI,151.285,21.664,791.67,,Real Estate,67
Nam Cheong,N4E,NMCG.SI,31.284,120.446,,,Industrial Goods,66
Nam Lee Metal,G0I,NLPM.SI,80.436,118.583,12.53,3.03,Cyclical Consumer Products,45
Nanofilm,MZH,NANO.SI,3420.607,,,,Chemicals,
Natural Cool,5IF,NCHL.SI,10.519,,,3.57,Industrial & Commercial Services,81
NauticAWT,42D,NAUT.SI,13.5,7.912,,,Cyclical Consumer Services,54
Neo,5UJ,NEOG.SI,89.147,182.82,5.06,1.93,Cyclical Consumer Services,82
NeraTel,N01,NERA.SI,72.379,131.118,19.25,2.5,Technology Equipment,88
Net Pacific Fin,5QY,NPFH.SI,12.608,,,,Banking & Investment Services,55
NetLink NBN Tr,CJLU,NETL.SI,3721.607,365.544,47.25,5.3,Telecommunications Services,98.9
New Silkroutes,BMT,NEWS.SI,36.446,246.286,,,Healthcare Services,52
New Toyo,N08,NTYO.SI,90.082,242.894,11.86,5.12,Applied Resources,79
New Wave,5FX,NEWW.SI,13.82,14.607,,,Mineral Resources,61
NGSC,B07,NGSC.SI,6.449,0,,,Telecommunications Services,40
Nico Steel,5GF,NICO.SI,4.962,20.158,,,Mineral Resources,63
Nippecraft,N32,NIPP.SI,12.649,,,,Applied Resources,70
No Signboard,1G6,NOSI.SI,14.797,10.105,,,Cyclical Consumer Services,58
Noble,CGP,NOBG.SI,50.395,4684.464,,,Industrial & Commercial Services,8
Noel Gifts Intl,543,NOEL.SI,18.446,18.421,10.04,1.11,Retailers,55
Nomura Yen1k,N33,8604.T,1881933.375,1759012,6.69,4.3,Banking & Investment Services,
Nordic,MR7,NRGL.SI,102,80.794,18.15,2.15,Industrial & Commercial Services,78
NSL,N02,NATS.SI,351.145,247.106,,5.32,Mineral Resources,48
Ntegrator Intl,5HC,NTOR.SI,17.05,23.102,,,Software & IT Services,58
NutryFarm,AZT,NUTR.SI,46.142,7.583,,,Software & IT Services,50
OCBC Bank,O39,OCBC.SI,53490.926,9143,14.93,2.66,Banking & Investment Services,114
Ocean Sky Intl,1B6,OCEA.SI,21.529,23.954,,,Industrial & Commercial Services,66
Oceanus,579,OCGL.SI,996.174,91.622,113.91,,Food & Beverages,52
OEL,584,OELH.SI,14.007,0.683,,,Real Estate,63
OIO,KUX,OIOH.SI,23.616,1.468,,,Industrial & Commercial Services,
OKH Global,S3N,OKHG.SI,22.573,15.138,,,Industrial & Commercial Services,62
OKP,5CF,OKPH.SI,58.602,69.627,17.74,3.68,Industrial & Commercial Services,75
Olam Intl,O32,OLAM.SI,5658.862,35820.043,29.7,4.34,Food & Beverages,95
Old Chang Kee,5ML,OCKL.SI,83.749,81.605,15.43,1.45,Cyclical Consumer Services,74
Olive Tree,1H2,OLIV.SI,7.367,3.804,,,Real Estate,61
OneApex,5SY,ONEA.SI,12.675,1.142,,,Real Estate,57
Ossia Intl,O08,OSSA.SI,29.052,24.59,10.83,7.83,Retailers,35
OUE,LJ3,OVES.SI,1455.951,530.455,,0.65,Real Estate,64
OUE Com Reit,TS0U,OUEC.SI,2200.849,292.007,,5.15,Real Estate,92.9
OUE Lippo HC,5WA,OUEL.SI,182.168,19.98,,,Healthcare Services,79
Ouhua Energy,AJ2,OUEH.SI,17.635,,,,Energy - Fossil Fuels,44
Overseas Edu,RQ1,OVER.SI,128.763,79.055,12.51,7.42,Academic & Educational Services,64
Oxley,5UX,OXHL.SI,1151.283,1384.268,,1.85,Real Estate,65
P5 Capital,5AI,P5CA.SI,26.202,4.958,,,Cyclical Consumer Products,48
Pacific Andes,P11,PACF.SI,180.162,1107.2,,,Food & Beverages,50
Pacific Century,P15,PCEN.SI,1020.15,23.6,,7.71,Holding Companies,69
Pacific Radiance,T8V,PACI.SI,74.079,84.748,,,Energy - Fossil Fuels,71
Pacific Star Dev,1C5,PACS.SI,21.6,3.984,,,Real Estate,63
Pan Asian,5EW,PANA.SI,8.354,22.927,,4.62,Utilities,47
Pan Hong,P36,PANH.SI,77.843,249.598,1.65,10,Real Estate,60
Pan Ocean,AZY,PANOx.SI,4050.006,2984.066,25.12,0.98,Transportation,27
PanUnited,P52,PANU.SI,235.169,405.024,223.33,2.39,Mineral Resources,61
Parkson Retail,O9E,PRAL.SI,8.805,198.051,,,Retailers,79
ParkwayLife Reit,C2PU,PWLR.SI,2486.56,120.892,28.51,,Real Estate,80.3
Pavillon,596,PAVI.SI,11.245,,,,Cyclical Consumer Services,42
PEC,IX2,PECL.SI,125.3,378.448,,1.02,Energy - Fossil Fuels,58
Penguin Intl,BTM,PGUN.SI,143.11,119.417,10.84,2.69,Transportation,84
Pharmesis Intl,BFK,PHAR.SI,4.946,9.64,,,Pharmaceuticals & Medical Research,45
Pine Cap,ADJ,PINC.SI,6.461,0.63,,,Banking & Investment Services,11
Plastoform,AYD,PFML.SI,0.507,0.775,,,Technology Equipment,41
PlatoCapital,YYN,PLAT.SI,9.248,,,,Software & IT Services,
PNE Industries,BDA,PNEI.SI,79.302,85.844,12.8,5.29,Industrial Goods,36
Polaris,5BI,POLA.SI,68.213,32.91,400,,Retailers,58
Pollux Prop,5AE,PLPS.SI,132.454,,,,Real Estate,55
Powermatic Data,BCY,PMDS.SI,92.371,22.53,11.71,,Technology Equipment,52
Prime US ReitUSD,OXMU,PRIE.SI,911.975,143.557,38.36,8.07,Real Estate,83.4
Procurri,BVQ,PROC.SI,107.397,233.467,39.5,,Software & IT Services,59
Progen,583,POGN.SI,17.183,,,,Industrial & Commercial Services,60
PropNex,OYY,PROP.SI,377.4,515.634,12.97,5.39,Real Estate,72
Prudential USD,K6S,PRU.L,40478.488,40472.398,26.25,0.76,Insurance,
PSL,BLL,PSLL.SI,8.242,7.851,,,Industrial & Commercial Services,61
Q&M Dental,QC7,QMDT.SI,507.079,137.62,25.17,1.43,Healthcare Services,73
QAF,Q01,QAFS.SI,592.526,561.785,14.09,4.85,Food & Beverages,75
Qian Hu,BCV,QIAN.SI,23.841,75.233,,0.95,Food & Beverages,103
QT Vascular,5I0,QTVA.SI,13.436,,,,Healthcare Services,59
Raffles Edu,NR7,RLSE.SI,228.976,96.785,18.69,,Academic & Educational Services,38
Raffles Infrastructure,LUY,RAFL.SI,18.353,42.598,2.54,,Industrial & Commercial Services,56
Raffles Medical,BSL,RAFG.SI,2165.763,568.203,32.49,2.16,Healthcare Services,66
RE&S Hldg,1G1,RESH.SI,56.286,108.191,9.34,3.14,Cyclical Consumer Services,73
Reclaims Global,NEX,RECL.SI,31.44,24.722,14.49,1.58,Industrial & Commercial Services,75
Reenova Investment,5EC,REEN.SI,20.233,0,,,Banking & Investment Services,66
Regal Intl,UV1,REGI.SI,25.857,26.581,24.44,,Real Estate,49
Renaissance United,I11,RENA.SI,12.362,66.767,7.41,,Utilities,64
Resources Gbl,QSD,RESU.SI,18.9,,,,Energy - Fossil Fuels,
Resources Prima,5MM,RESO.SI,46.254,0,,,Energy - Fossil Fuels,61
Revez,RCU,REVE.SI,42.712,6.623,432.2,,Software & IT Services,
Rex Intl,5WH,REXI.SI,240.72,62.259,,,Energy - Fossil Fuels,88
RH PetroGas,T13,RHPG.SI,17.621,,,,Energy - Fossil Fuels,71
RHT HealthTrust,RF1U,RHTH.SI,15.286,0,,,Real Estate,46.2
Rich Capital,5G4,RICH.SI,21.54,0,,,Mineral Resources,56
Riverstone,AP4,RVHL.SI,2048.517,592.005,9.76,4.28,Healthcare Services,73
Roxy-Pacific,E8Z,RXYP.SI,479.21,198.431,,2.99,Real Estate,88
Ryobi Kiso,BDN,RKHL.SI,38.524,146.908,,,Industrial & Commercial Services,66
Sabana Reit,M1GU,SABA.SI,442.295,71.701,,5.45,Real Estate,71.5
Sakae,5DO,SAKA.SI,20.448,23.88,12.85,,Cyclical Consumer Services,46
Samko Timber,E6R,SAMT.SI,86.084,,,,Applied Resources,67
SamuderaShipping,S56,SAMU.SI,167.118,,,2.42,Transportation,76
Samurai,1C3,SAMR.SI,102.194,25.48,33.07,1.61,Chemicals,75
Sanli Env,1E3,SANL.SI,15.582,65.856,40.85,1.03,Industrial & Commercial Services,79
Santak,580,SATK.SI,6.455,12.634,,,Industrial Goods,49
Sapphire,BRD,SAPP.SI,42.805,225.697,5.42,,Industrial & Commercial Services,64
Sarine Tech,U77,SARI.SI,212.187,54.66,66.52,0.89,Industrial Goods,53
Sasseur Reit,CRPU,SASS.SI,1100.565,125.248,23.23,8.51,Real Estate,83.7
SATS,S58,SATS.SI,4822.202,1419.216,,1.4,Transportation,131
SBI Offshore,5PL,SBIO.SI,9.487,0,,,Energy - Fossil Fuels,68
SBS Transit,S61,SBVV.SI,994.849,1230.947,12.6,1.97,Transportation,106
Second Chance,528,SECD.SI,203.015,26.851,34.44,1.67,Retailers,66
Secura,43B,SECU.SI,36,33.916,12.1,4.44,Industrial & Commercial Services,59
Sembcorp Ind,U96,SCIL.SI,3467.843,5447,24.75,2.06,Utilities,118
Sembcorp Marine,S51,SCMN.SI,2573.907,1510.28,,,Industrial Goods,94
Sen Yue,5BS,SENY.SI,21.654,,,,Mineral Resources,58
Serial System,S69,SERL.SI,80.609,975.834,222.34,1.24,Industrial Goods,84
Seroja Inv,IW5,SERO.SI,30.838,0,,,Transportation,56
SEVAK,BAI,SEVA.SI,33.192,264.036,,,Telecommunications Services,65
SGX,S68,SGXL.SI,11091.499,1095.005,22.33,3.04,Banking & Investment Services,121
Shanghai Turbo,AWM,SHTU.SI,17.858,7.013,,,Industrial Goods,49
Shangri-La HKD,S07,0069.HK,26797.32,8030.999,,,Cyclical Consumer Services,
Shen Yao,A78,SHEY.SI,163.531,87.18,17.86,,Mineral Resources,45
Sheng Siong,OV8,SHEN.SI,2330.482,1393.998,16.81,4.19,Food & Drug Retailing,67
Shinvest,BJW,SHIN.SI,71.773,12.569,2.07,1.25,Industrial Goods,42
Shopper360,1F0,SHOP.SI,11.665,49.002,12.57,,Cyclical Consumer Services,72
SHS,566,SEEH.SI,114.413,35.146,,,Industrial & Commercial Services,61
SIA,C6L,SIAL.SI,16078.735,9285.8,,1.04,Transportation,94
SIA Engineering,S59,SIAE.SI,2652.915,704.446,30.42,3.39,Transportation,97
SIIC Environment,BHK,SIIC.SI,540.99,1279.287,4.21,4.76,Utilities,66
Silkroad Nickel,STP,SILK.SI,111.008,0.634,,,Mineral Resources,74
Silverlake Axis,5CP,SLVX.SI,673.904,199.478,13.17,3.72,Software & IT Services,79
Sim Leisure,URR,SIMI.SI,30.996,3.185,11.27,,Cyclical Consumer Services,71
Sin Ghee Huat,B7K,SGHC.SI,39.96,29.335,,,Mineral Resources,55
Sin Heng Mach,BKA,SIHM.SI,43.083,53.356,35.75,1.33,Industrial Goods,64
Sinarmas Land,A26,SINA.SI,1364.796,910.476,12.5,0.3,Real Estate,84
Sincap,5UN,SINC.SI,10.208,5.024,,,Energy - Fossil Fuels,39
Sing Inv & Fin,S35,SINV.SI,228.558,83.313,11.66,2.48,Banking & Investment Services,97
Sing Paincare,FRQ,SINR.SI,35.565,,,3.54,Healthcare Services,
Singapore O&G,1D8,SINP.SI,128.917,39.889,13.57,6.3,Healthcare Services,94
SingaporeKitchen,5WG,SING.SI,10.85,22.211,86.42,,Cyclical Consumer Products,75
SingHaiyi,5H0,SIHL.SI,300.766,94.788,887.5,,Real Estate,73
SingHoldings,5IC,SHDS.SI,160.398,173.102,9.69,2.5,Real Estate,73
SingMedical,5OT,SMGL.SI,166.642,87.34,19.09,1.16,Healthcare Services,65
SingMyanmar,Y45,SINO.SI,4.822,13.594,,,Transportation,62
SingPost,S08,SPOS.SI,1729.068,1375.916,47.86,2.89,Transportation,111
SingReinsurance,S49,SPRS.SI,208.711,134.227,40.84,2,Insurance,67
SingShipping,S19,SSHP.SI,107.989,59.763,7.9,3.7,Industrial Goods,73
Singtel,Z74,STEL.SI,42112.32,15702.1,25,4.14,Telecommunications Services,128
Singtel 10,Z77,,,,,,,
Sinjia Land,5HH,SINJ.SI,4.609,,,,Cyclical Consumer Services,73
Sino Grandness,T4B,SOGF.SI,22.992,600.46,0.46,,Food & Beverages,42
SinoCloud,5EK,SINL.SI,15.869,3.546,,,Software & IT Services,49
Sinopipe,X06,SPHL.SI,39.381,0,,,Cyclical Consumer Products,36
Sinostar Pec,C9Q,SNSR.SI,109.46,651.178,3.37,,Energy - Fossil Fuels,68
Sitra,5LE,SITR.SI,18.424,,,,Applied Resources,59
SLB Dev,1J0,SLBD.SI,104.082,45.362,9.58,,Real Estate,61
Soilbuild Const,S7P,SOIL.SI,48.792,148.937,,8.62,Industrial & Commercial Services,72
Soon Lian,5MD,SNLN.SI,8.64,,,,Mineral Resources,66
Soup Restaurant,5KI,SRGL.SI,28.955,31.108,36.74,2.06,Cyclical Consumer Services,66
Southern Pkg,BQP,SOUT.SI,35.166,,,0.5,Applied Resources,71
SouthernAlliance,QNS,SOUH.SI,295.751,,,0.99,Mineral Resources,
SP Corp,AWE,SPPS.SI,22.463,29.432,16.1,,Industrial & Commercial Services,80
Spackman,40E,SPAC.SI,11.694,,,,Cyclical Consumer Services,78
SPH,T39,SPRM.SI,3169.285,811.363,,2.02,Cyclical Consumer Services,112
SPHREIT,SK6U,SPHR.SI,2473.129,248.016,,3.3,Real Estate,78.6
Spindex Ind,564,SNEX.SI,138.438,167.773,8.92,2.33,Industrial Goods,53
Spura Finance,S23,SBDS.SI,139.644,31.438,29.29,1.7,Banking & Investment Services,88
Sri Trang Agro,NC2,STA.BK,71808,75478.742,7.53,4.81,Automobiles & Auto Parts,61
ST Engineering,S63,STEG.SI,12427.531,7158.286,23.92,3.77,Industrial Goods,97
ST Group Food,DRX,STGR.SI,31.416,37.147,,1.21,Cyclical Consumer Services,53
Stamford Land,H07,SFLD.SI,336.674,140.262,29.25,1.16,Cyclical Consumer Services,78
Stamford Tyres,S29,STAS.SI,45.578,187.385,,2.6,Automobiles & Auto Parts,76
Starburst,40D,STAB.SI,54.487,,,4.76,Industrial & Commercial Services,55
StarhillGbl Reit,P40U,STHL.SI,1249.01,172.475,,3.82,Real Estate,78
StarHub,CC3,STAR.SI,2372.362,2028.8,16.1,3.65,Telecommunications Services,93
Starland,5UA,STHO.SI,12.449,,,34.88,Real Estate,69
Straco,S85,STRA.SI,499.635,29.557,,1.74,Cyclical Consumer Services,54
Straits Trading,S20,STCM.SI,1179.397,386.687,22.85,2.08,Mineral Resources,65
SunMoonFood,AAJ,SMFC.SI,24.324,26.117,,,Food & Beverages,55
Sunningdale Tech,BHQ,SUND.SI,320.004,653.492,10.18,4.12,Consumer Goods Conglomerates,77
Sunpower,5GD,SUNP.SI,712.271,830.522,,0.28,Industrial Goods,47
Sunright,S71,SNRT.SI,57.105,108.944,20.76,0.65,Technology Equipment,51
Sunrise Shares,581,SUNR.SI,8.373,,,,Real Estate,74
Suntar Eco-City,BKZ,SECL.SI,43.94,4.543,433.66,,Pharmaceuticals & Medical Research,35
Suntec Reit,T82U,SUNT.SI,4455.146,315.39,,4.07,Real Estate,85.3
SUTL Enterprise,BHU,SUTL.SI,43.23,16.149,13.56,4,Cyclical Consumer Services,68
Swiber,BGK,SWBR.SI,49.52,1146.657,,,Energy - Fossil Fuels,35
Swing Media Tech,BEV,SWMT.SI,25.261,195.278,,,Technology Equipment,50
Swissco Hldg,ADP,SWCO.SI,35.507,47.192,,,Energy - Fossil Fuels,22
Sysma,5UO,SYSM.SI,33.93,40.594,13.74,7.69,Industrial & Commercial Services,54
TA,PA3,TACO.SI,40.927,161.984,,,Real Estate,64
Tai Sin Electric,500,TAIS.SI,162.046,246.015,8.17,4.29,Industrial Goods,60
TalkMed,5G3,TALK.SI,567.609,62.136,25.01,3.14,Healthcare Services,69
Tat Seng Pkg,T12,TASE.SI,126.546,,,2.48,Applied Resources,45
TCIL HK$,T15,0693.HK,4107.15,12319.495,431.29,1.96,Retailers,
Tech Oil & Gas,5CQ,TECH.SI,16.465,65.026,,,Energy - Fossil Fuels,24
TEE Intl,M1Z,TEEI.SI,27.871,224.553,,,Industrial & Commercial Services,69
Teho Intl,5OQ,TEHO.SI,10.123,63.714,4.39,,Industrial Goods,64
TeleChoice Intl,T41,TCIN.SI,81.342,213.474,,2.79,Technology Equipment,66
ThaiBev,Y92,TBEV.SI,18682.092,10669.741,19.27,2.46,Food & Beverages,64
Thakral,AWI,THAK.SI,59.542,90.121,9.12,6.59,Real Estate,84
The Place Hldg,E27,THEP.SI,858.576,1.131,1216.67,,Cyclical Consumer Services,75
TheHourGlass,AGS,HRGS.SI,659.186,658.194,9.29,3.21,Retailers,71
Thomson Medical,A50,THOS.SI,2961.394,214.62,,,Healthcare Services,63
Tianjin ZX USD,T14,TIAN.SI,1889.486,1012.783,6.71,,Pharmaceuticals & Medical Research,65
TIH,T55,TIHL.SI,70.089,-1.422,,3.45,Collective Investments,55
Tiong Seng,BFI,TISE.SI,77.676,235.938,,2.96,Industrial & Commercial Services,63
Tiong Woon,BQM,TION.SI,106.828,100.945,53.18,0.65,Industrial Goods,47
TLV,42L,TLVH.SI,38.454,,,,Retailers,76
Top Global,BHO,TPGB.SI,123.93,40.683,,,Real Estate,66
Top Glove,BVA,TPGC.KL,45708.719,14922.365,6.63,9.01,Healthcare Services,
Tosei,S2D,8923.T,55353.48,65572.789,17.26,1.67,Real Estate,
Transit Concrete,570,TMCL.SI,9.047,6.51,,,Mineral Resources,56
Travelite,BCZ,TRHL.SI,7.447,28.288,,,Retailers,56
Trek 2000 Intl,5AB,TRKL.SI,45.697,,,,Technology Equipment,42
Trendlines,42T,THET.SI,83.069,5.129,,,Banking & Investment Services,74
TrickleStar,CYW,TRIC.SI,28.374,17.145,29.75,1.75,Industrial Goods,57
Tritech,5G9,TTGL.SI,17.368,5.942,,,Industrial & Commercial Services,78
Triyards,RC5,TRIY.SI,26.886,155.045,,,Energy - Fossil Fuels,46
TSH,KUH,TSHC.SI,5.633,,,,Cyclical Consumer Services,
TT Intl,T09,TINL.SI,14.299,44.397,,,Retailers,37
TTJ,K1Q,TTJH.SI,51.8,58.464,,2.7,Industrial & Commercial Services,60
Tuan Sing,T24,TSHS.SI,443.723,196.817,7.45,1.62,Real Estate,106
Tung Lok Rest,540,TGLK.SI,39.788,62.494,,,Cyclical Consumer Services,63
Tye Soon,BFU,TYES.SI,24.871,,,,Automobiles & Auto Parts,66
UGHealthcare,8K7,UGHE.SI,385.162,250.448,5.59,0.38,Healthcare Services,
UIC,U06,UICS.SI,4025.795,671.125,44.61,1.25,Real Estate,54
UMS,558,UMSH.SI,734.909,164.438,20.04,2.55,Technology Equipment,66
Uni-Asia Grp,CHJ,UAFC.SI,47.942,61.297,,1.64,Real Estate,71
Union Gas,1F2,UNIO.SI,185.433,86.19,13.38,2.53,Utilities,72
Union Steel,BLA,UNIS.SI,17.72,60.114,,,Mineral Resources,73
United Food,AZR,UTDF.SI,3.947,3.667,,,Food & Beverages,34
United Global,43P,UNIT.SI,129.637,0.233,29.98,2.44,Energy - Fossil Fuels,88
Universal Res,BGO,UNIV.SI,4.012,0.01,,,Energy - Fossil Fuels,41
UnUsUaL,1D1,UNUS.SI,204.807,29.083,,,Cyclical Consumer Services,57
UOA,EH5,UOS.AX,375.376,396.508,11.89,2.56,Real Estate,
UOB,U11,UOBH.SI,44017.563,,,2.98,Banking & Investment Services,113
UOB Kay Hian,U10,UOKH.SI,1439.582,587.593,8.95,5.52,Banking & Investment Services,52
UOI,U13,UOIS.SI,438.481,55.342,18.19,2.37,Insurance,90
UOL,U14,UTOS.SI,6626.014,1977.148,505.8,1.91,Real Estate,86
USP Group,BRS,USPG.SI,4.364,30.002,,,Energy - Fossil Fuels,27
UtdHampshReitUSD,ODBU,UNIE.SI,333.227,,,7.18,Real Estate,
V2Y Corp,V2Y,V2YC.SI,18.354,,,,Software & IT Services,70
Vallianz,WPC,VHLD.SI,26.847,224.298,,,Transportation,68
ValueMax,T6I,VAMG.SI,221.2,276.113,6.36,4.74,Banking & Investment Services,56
Valuetronics,BN2,VLUE.SI,276.466,357.493,9.67,5.21,Technology Equipment,70
Venture,V03,VENM.SI,5941.739,3012.894,19.94,3.68,Technology Equipment,94
Versalink,40N,VERS.SI,12.551,12.424,,,Industrial & Commercial Services,65
Vibrant Group,BIP,VIBR.SI,71.191,145.15,,,Transportation,46
VibroPower,BJD,VIBO.SI,4.785,,,,Industrial Goods,69
VICOM Ltd,WJP,VCOM.SI,769.413,86.452,31.42,2.87,Industrial & Commercial Services,
Vicplas Intl,569,VICP.SI,130.149,98.199,17.19,1.47,Healthcare Services,52
Viking Offshore,557,VIKO.SI,4.35,17.416,,,Energy - Fossil Fuels,71
Vividthree,OMK,VIVI.SI,17.035,2.995,,,Cyclical Consumer Services,46
Wee Hur,E3B,WHHL.SI,196.542,189.945,6.78,2.38,Industrial & Commercial Services,63
Willas-Array,BDR,0854.HK,276.923,3401.36,5.84,,Technology Equipment,72
Wilmar Intl,F34,WLIL.SI,35023.984,67412.852,16.99,2.38,Food & Beverages,78
Wilton Resources,5F7,WILT.SI,74.488,0.474,,,Mineral Resources,61
Wing Tai,W05,WTHS.SI,1548.158,430.949,138.1,1.54,Real Estate,91
Winmark Inv,40R,WINM.SI,159.423,4.23,,,Industrial & Commercial Services,15
Wong Fong Ind,1A1,WONG.SI,38.775,,,3.15,Industrial Goods,67
World Class Gbl,1E6,WORL.SI,108.073,,,,Real Estate,62
World Precision,B49,WPML.SI,148.027,210.628,19.78,4.16,Industrial Goods,56
XMH,BQF,XMHL.SI,13.742,53.313,,,Industrial Goods,64
Y Ventures,1F1,YVEN.SI,17.64,46.722,16.99,,Software & IT Services,67
Yamada Green Res,BJV,YAMR.SI,57.56,13.211,,,Food & Beverages,33
Yanlord Land,Z25,YNLG.SI,2475.354,4894.176,4.63,5.35,Real Estate,58
Yeo Hiap Seng,Y03,YHSS.SI,527.719,321.868,,2.2,Food & Beverages,73
YHI Intl,BPF,YHII.SI,146.148,422.795,7.61,6.6,Automobiles & Auto Parts,61
Yinda Infocomm,42F,YIND.SI,93.854,6.165,,,Telecommunications Services,68
Ying Li Intl,5DM,YING.SI,204.601,47.275,,,Real Estate,66
Yoma Strategic,Z59,YOMA.SI,310.985,137.9,,,Real Estate,101
Yongmao,BKX,YNMH.SI,57.698,160.636,8.48,1.54,Industrial Goods,64
Yongnam,AXB,YNAM.SI,44.421,92.85,,,Industrial & Commercial Services,71
Yunnan Energy,T43,1298.HK,440.699,60.988,,,Technology Equipment,43
YuuZoo Networks,AFC,YUUZ.SI,29.105,15.733,,,Software & IT Services,-12
YZJ Shipbldg CNY,SO7,,,,,,,
YZJ Shipbldg SGD,BS6,YAZG.SI,5167.26,3036.857,9.87,3.46,Industrial Goods,74
Zheneng Jinjiang,BWM,ZHEN.SI,610.804,,,,Industrial & Commercial Services,70
Zhongmin Baihui,5SR,ZBRG.SI,149.231,251.734,12.75,3.95,Retailers,63
Zhongxin Fruit,5EG,ZHON.SI,36.948,23.579,,,Food & Beverages,52
ZICO Hldgs,40W,ZICO.SI,29.541,,,,Banking & Investment Services,64